Codigo_Ruta,Tarifa_USD,Tipo_Unidad
AB000A0,0.2,AUTOBUS
AB000A1LP,0.38,AUTOBUS
AB000B0,0.2,AUTOBUS
AB001X0,0.2,AUTOBUS
AB001X0SM,2.0,AUTOBUS
AB001X0SO,0.5,AUTOBUS
AB002A1,0.2,AUTOBUS
AB002A2,0.2,AUTOBUS
AB002B1,0.2,AUTOBUS
AB002B1E,0.35,AUTOBUS
AB002B2,0.2,AUTOBUS
AB002B2E,0.35,AUTOBUS
AB002C0,0.2,AUTOBUS
AB002CE,0.35,AUTOBUS
AB003A0,0.2,AUTOBUS
AB003AE,0.35,AUTOBUS
AB003X0,0.2,AUTOBUS
AB003XE,0.35,AUTOBUS
AB004X0,0.2,AUTOBUS
AB004X0CA,0.75,AUTOBUS
AB004XE,0.35,AUTOBUS
AB005X0,0.2,AUTOBUS
AB005XE,0.35,AUTOBUS
AB006X0CA,1.0,AUTOBUS
AB006X1,0.2,AUTOBUS
AB006X2,0.2,AUTOBUS
AB006X3,0.2,AUTOBUS
AB007C0,0.2,AUTOBUS
AB007D0,0.2,AUTOBUS
AB007X0,0.2,AUTOBUS
AB007XE,0.35,AUTOBUS
AB008A0SS,0.2,AUTOBUS
AB008AESS,0.35,AUTOBUS
AB008X0,0.2,AUTOBUS
AB009X0,0.2,AUTOBUS
AB010X0,0.2,AUTOBUS
AB010XE,0.35,AUTOBUS
AB011X0,0.2,AUTOBUS
AB012X0SS,0.23,AUTOBUS
AB013X0,0.2,AUTOBUS
AB014A0,0.2,AUTOBUS
AB014X0,0.2,AUTOBUS
AB015X0,0.2,AUTOBUS
AB016X0,0.2,AUTOBUS
AB016XE,0.35,AUTOBUS
AB017A0SS,0.29,AUTOBUS
AB017B0SS,0.29,AUTOBUS
AB017B1SS,0.2,AUTOBUS
AB018X0SS,0.23,AUTOBUS
AB019X0,0.2,AUTOBUS
AB020X0,0.2,AUTOBUS
AB021A0SS,0.29,AUTOBUS
AB021AESS,0.35,AUTOBUS
AB021B0SS,0.29,AUTOBUS
AB022X0,0.2,AUTOBUS
AB022XE,0.35,AUTOBUS
AB023A0,0.2,AUTOBUS
AB023AE0,0.35,AUTOBUS
AB023B0,0.2,AUTOBUS
AB024X0,0.2,AUTOBUS
AB025A0SS,0.38,AUTOBUS
AB025X0SS,0.38,AUTOBUS
AB026X0,0.2,AUTOBUS
AB026XE0,0.35,AUTOBUS
AB027X0,0.2,AUTOBUS
AB027XE,0.35,AUTOBUS
AB028X0,0.2,AUTOBUS
AB029A0,0.2,AUTOBUS
AB029AE,0.35,AUTOBUS
AB029C0,0.2,AUTOBUS
AB029C2,0.2,AUTOBUS
AB029C2E,0.35,AUTOBUS
AB029CE,0.35,AUTOBUS
AB029D0,0.2,AUTOBUS
AB029DE,0.35,AUTOBUS
AB029E0,0.2,AUTOBUS
AB029EE,0.35,AUTOBUS
AB029F0,0.2,AUTOBUS
AB029FE,0.35,AUTOBUS
AB029G0,0.2,AUTOBUS
AB029H0,0.2,AUTOBUS
AB029HE,0.35,AUTOBUS
AB029HEX1,0.35,AUTOBUS
AB030B0,0.2,AUTOBUS
AB030BE,0.35,AUTOBUS
AB030X0,0.2,AUTOBUS
AB030X1,0.2,AUTOBUS
AB030X1E,0.35,AUTOBUS
AB031X0,0.2,AUTOBUS
AB031XE,0.35,AUTOBUS
AB032X0,0.2,AUTOBUS
AB033A0,0.2,AUTOBUS
AB034A0,0.2,AUTOBUS
AB034B0,0.2,AUTOBUS
AB035X0,0.2,AUTOBUS
AB036X0,0.29,AUTOBUS
AB037A0SS,0.36,AUTOBUS
AB037A1SS,0.34,AUTOBUS
AB037B0SS,0.36,AUTOBUS
AB038A0,0.29,AUTOBUS
AB038B0,0.29,AUTOBUS
AB038C0,0.29,AUTOBUS
AB039X0,0.38,AUTOBUS
AB041A0,0.2,AUTOBUS
AB041A-1,0.2,AUTOBUS
AB041B0,0.2,AUTOBUS
AB041B-1,0.2,AUTOBUS
AB041C0,0.2,AUTOBUS
AB041D0,0.2,AUTOBUS
AB041D0E,0.35,AUTOBUS
AB041D1,0.2,AUTOBUS
AB041D1E,0.35,AUTOBUS
AB041E0,0.2,AUTOBUS
AB042A0,0.2,AUTOBUS
AB042AE,0.35,AUTOBUS
AB042B0,0.2,AUTOBUS
AB042C0,0.2,AUTOBUS
AB042CE,0.35,AUTOBUS
AB043X0,0.2,AUTOBUS
AB044X1,0.2,AUTOBUS
AB044X1E,0.35,AUTOBUS
AB044X2,0.2,AUTOBUS
AB045B0SS,0.2,AUTOBUS
AB046X1,0.2,AUTOBUS
AB046X2,0.2,AUTOBUS
AB047X0,0.2,AUTOBUS
AB048X0,0.2,AUTOBUS
AB049A0,0.2,AUTOBUS
AB049B0,0.2,AUTOBUS
AB050X0SA,0.2,AUTOBUS
AB050X1SA,0.35,AUTOBUS
AB051A0SA,0.2,AUTOBUS
AB051AESA,0.35,AUTOBUS
AB051B0SA,0.2,AUTOBUS
AB051BESA,0.35,AUTOBUS
AB051C0SA,0.2,AUTOBUS
AB051CESA,0.35,AUTOBUS
AB051D0SA,0.2,AUTOBUS
AB051D1ESA,0.35,AUTOBUS
AB051D1SA,0.2,AUTOBUS
AB051DESA,0.35,AUTOBUS
AB051E0SA,0.2,AUTOBUS
AB051EESA,0.35,AUTOBUS
AB051F0SA,0.2,AUTOBUS
AB051F1ESA,0.35,AUTOBUS
AB051F1SA,0.2,AUTOBUS
AB051FESA,0.35,AUTOBUS
AB052X1,0.2,AUTOBUS
AB052X1E,0.35,AUTOBUS
AB052X2,0.2,AUTOBUS
AB052X2E,0.35,AUTOBUS
AB052X3,0.2,AUTOBUS
AB053A0SO,0.26,AUTOBUS
AB053A1SO,0.2,AUTOBUS
AB053B0SO,0.23,AUTOBUS
AB053C0SO,0.23,AUTOBUS
AB053D0SO,0.26,AUTOBUS
AB053E0SO,0.2,AUTOBUS
AB053F0SO,0.34,AUTOBUS
AB053G0SO,0.23,AUTOBUS
AB053H0SO,0.34,AUTOBUS
AB053I0SO,0.41,AUTOBUS
AB053J0SO,0.26,AUTOBUS
AB053J1SO,0.2,AUTOBUS
AB053K0SO,0.2,AUTOBUS
AB054A0UN,0.2,AUTOBUS
AB054B0UN,0.2,AUTOBUS
AB054X0UN,0.2,AUTOBUS
AB055A0SA,0.2,AUTOBUS
AB055A1SA,0.2,AUTOBUS
AB055A2SA,0.2,AUTOBUS
AB055AE0SA,0.35,AUTOBUS
AB055AE1SA,0.35,AUTOBUS
AB055B0SA,0.2,AUTOBUS
AB055B1ESA,0.35,AUTOBUS
AB055B1SA,0.2,AUTOBUS
AB055B2SA,0.2,AUTOBUS
AB055BE0SA,0.35,AUTOBUS
AB055C0SA,0.2,AUTOBUS
AB055CE0SA,0.35,AUTOBUS
AB055D0SA,0.2,AUTOBUS
AB055DE0SA,0.35,AUTOBUS
AB056X0SO,0.2,AUTOBUS
AB058X0,0.2,AUTOBUS
AB059X0SA,0.31,AUTOBUS
AB059X0SS,0.25,AUTOBUS
AB060X0AH,0.2,AUTOBUS
AB061X0AH,0.2,AUTOBUS
AB062X0AH,0.29,AUTOBUS
AB064X0SO,0.2,AUTOBUS
AB065X0SO,0.2,AUTOBUS
AB066X0CU,0.31,AUTOBUS
AB070X0SV,0.23,AUTOBUS
AB071X0LL,0.2,AUTOBUS
AB072A0SV,0.2,AUTOBUS
AB072B0SV,0.2,AUTOBUS
AB072C0SV,0.2,AUTOBUS
AB072D0SV,0.2,AUTOBUS
AB072E0SV,0.2,AUTOBUS
AB072X0SV,0.2,AUTOBUS
AB073X0SV,1.0,AUTOBUS
AB077X1LL,0.31,AUTOBUS
AB077X2LL,0.31,AUTOBUS
AB077X3LL,0.31,AUTOBUS
AB077X4LL,0.28,AUTOBUS
AB078X0LL,0.25,AUTOBUS
AB079X1ELL,0.75,AUTOBUS
AB079X1LL,0.45,AUTOBUS
AB079X2ELL,0.75,AUTOBUS
AB079X2LL,0.45,AUTOBUS
AB079X3ELL,0.75,AUTOBUS
AB079X3LL,0.45,AUTOBUS
AB079X4ELL,0.75,AUTOBUS
AB079X4LL,0.45,AUTOBUS
AB080A0LL,0.23,AUTOBUS
AB080B0LL,0.23,AUTOBUS
AB081A0UN,0.6,AUTOBUS
AB084X0LL,0.56,AUTOBUS
AB088A0SM,0.2,AUTOBUS
AB088B0SM,0.2,AUTOBUS
AB088BESM,0.35,AUTOBUS
AB088S0SM,0.2,AUTOBUS
AB089A0US,0.22,AUTOBUS
AB089B0US,0.2,AUTOBUS
AB089C0US,0.2,AUTOBUS
AB089E0US,0.22,AUTOBUS
AB089F0US,0.2,AUTOBUS
AB089G0US,0.2,AUTOBUS
AB089H0US,0.2,AUTOBUS
AB089I0US,0.2,AUTOBUS
AB089R0US,0.22,AUTOBUS
AB090A0SM,0.22,AUTOBUS
AB090B0SM,0.2,AUTOBUS
AB090D0SM,0.31,AUTOBUS
AB090F0SM,0.2,AUTOBUS
AB090FA0SM,0.2,AUTOBUS
AB090G0SM,0.25,AUTOBUS
AB090X0SM,0.34,AUTOBUS
AB091X0SM,0.2,AUTOBUS
AB092X0LP,0.22,AUTOBUS
AB092X1LP,0.2,AUTOBUS
AB092X2LP,0.2,AUTOBUS
AB092X3LP,0.2,AUTOBUS
AB092X4LP,0.2,AUTOBUS
AB093A0CU,0.29,AUTOBUS
AB093X0CU,0.31,AUTOBUS
AB094A0SM,0.2,AUTOBUS
AB094X0SM,0.2,AUTOBUS
AB095A0SM,0.2,AUTOBUS
AB095AOSM,0.2,AUTOBUS
AB095X0SM,0.2,AUTOBUS
AB096X0LL,0.41,AUTOBUS
AB097X0,0.2,AUTOBUS
AB098X0LL,0.45,AUTOBUS
AB099A0LL,0.29,AUTOBUS
AB099X0LL,0.56,AUTOBUS
AB099X1LL,0.41,AUTOBUS
AB100X0LL,0.52,AUTOBUS
AB101A1,0.2,AUTOBUS
AB101A2,0.2,AUTOBUS
AB101A2E,0.35,AUTOBUS
AB101B1,0.2,AUTOBUS
AB101B2,0.2,AUTOBUS
AB101C0,0.2,AUTOBUS
AB101D0,0.2,AUTOBUS
AB101D1LL,0.2,AUTOBUS
AB101X1SS,0.3,AUTOBUS
AB102A0LL,0.81,AUTOBUS
AB102B0LL,0.74,AUTOBUS
AB102X0LL,0.59,AUTOBUS
AB102X1LL,0.59,AUTOBUS
AB103A0LL,0.6,AUTOBUS
AB103A1LL,0.45,AUTOBUS
AB103B0LL,0.39,AUTOBUS
AB103B1LL,0.59,AUTOBUS
AB103X0LL,0.59,AUTOBUS
AB104A0LL,0.59,AUTOBUS
AB104X0LL,0.59,AUTOBUS
AB105X0LL,0.59,AUTOBUS
AB106X0LL,0.59,AUTOBUS
AB107X0LL,1.34,AUTOBUS
AB108A0LL,0.85,AUTOBUS
AB108B0LL,0.74,AUTOBUS
AB108C0LL,0.7,AUTOBUS
AB108C1LL,0.56,AUTOBUS
AB108C2LL,0.38,AUTOBUS
AB108C3LL,0.44,AUTOBUS
AB108D0LL,0.97,AUTOBUS
AB108X0LL,0.56,AUTOBUS
AB108XELL,1.1,AUTOBUS
AB109X0LL,0.41,AUTOBUS
AB109X1LL,0.41,AUTOBUS
AB109X1SS,0.56,AUTOBUS
AB110A0SV,0.74,AUTOBUS
AB110X0SV,0.74,AUTOBUS
AB111A0CH,0.9,AUTOBUS
AB111X0CA,0.74,AUTOBUS
AB111X1CA,0.9,AUTOBUS
AB112A0CA,1.04,AUTOBUS
AB112B0CA,1.14,AUTOBUS
AB112B1CA,1.35,AUTOBUS
AB112X0CA,1.04,AUTOBUS
AB113X0CU,0.49,AUTOBUS
AB113XECU,0.69,AUTOBUS
AB114X0CU,0.59,AUTOBUS
AB115X0,0.4,AUTOBUS
AB116X0SV,0.9,AUTOBUS
AB116X1SV,1.19,AUTOBUS
AB117A0SS,0.59,AUTOBUS
AB117B0SS,0.59,AUTOBUS
AB117C0SS,0.48,AUTOBUS
AB117X0SS,0.5,AUTOBUS
AB117XESS,0.8,AUTOBUS
AB118X0CH,0.9,AUTOBUS
AB119X0CH,1.67,AUTOBUS
AB120X0CH,0.9,AUTOBUS
AB121A0CU,0.65,AUTOBUS
AB121E0CU,1.0,AUTOBUS
AB121X0CU,0.59,AUTOBUS
AB122X0CU,0.71,AUTOBUS
AB123A0CU,0.59,AUTOBUS
AB123X0CU,0.59,AUTOBUS
AB124A0CH,1.04,AUTOBUS
AB124B0CH,0.44,AUTOBUS
AB124X0CH,0.96,AUTOBUS
AB125A0CH,0.97,AUTOBUS
AB125A1CH,1.16,AUTOBUS
AB125C0CH,1.34,AUTOBUS
AB125D0CH,0.97,AUTOBUS
AB125D1CH,1.5,AUTOBUS
AB125X0CH,0.86,AUTOBUS
AB125X1CH,2.5,AUTOBUS
AB126A0CH,1.02,AUTOBUS
AB126X0CH,1.04,AUTOBUS
AB127X0CH,1.04,AUTOBUS
AB128X0LP,0.56,AUTOBUS
AB129E0CU,1.25,AUTOBUS
AB129X0CU,0.6,AUTOBUS
AB131A0LP,0.77,AUTOBUS
AB131X0LP,0.63,AUTOBUS
AB132X0LP,0.65,AUTOBUS
AB133A0LP,0.74,AUTOBUS
AB133B0LP,0.74,AUTOBUS
AB133D0LP,0.82,AUTOBUS
AB133X0LP,1.25,AUTOBUS
AB134X0LP,0.74,AUTOBUS
AB134X1LP,0.74,AUTOBUS
AB135A0LP,0.9,AUTOBUS
AB135X0LP,0.86,AUTOBUS
AB135X1LP,1.35,AUTOBUS
AB137X0CH,0.91,AUTOBUS
AB138B0LP,0.9,AUTOBUS
AB138X0LP,0.74,AUTOBUS
AB140X1CA,1.04,AUTOBUS
AB140X7,0.4,AUTOBUS
AB140X7E,0.65,AUTOBUS
AB141X0CH,0.99,AUTOBUS
AB141X1CH,2.05,AUTOBUS
AB142X0CA,0.99,AUTOBUS
AB144A0CU,0.59,AUTOBUS
AB144A1CU,0.52,AUTOBUS
AB144B0CU,0.59,AUTOBUS
AB144C0CU,0.47,AUTOBUS
AB144C1CU,0.52,AUTOBUS
AB144D0CU,0.54,AUTOBUS
AB144X0CU,0.44,AUTOBUS
AB144X1CU,0.47,AUTOBUS
AB145X0CU,0.31,AUTOBUS
AB145X1CU,0.31,AUTOBUS
AB145X3CU,0.38,AUTOBUS
AB146X0LP,0.96,AUTOBUS
AB148X0US,1.22,AUTOBUS
AB149X0LP,0.74,AUTOBUS
AB150X0LL,0.27,AUTOBUS
AB150XELL,0.4,AUTOBUS
AB151X0LL,0.48,AUTOBUS
AB152X0LL,0.37,AUTOBUS
AB152XELL,0.67,AUTOBUS
AB153X0LP,0.59,AUTOBUS
AB154A0LP,0.56,AUTOBUS
AB154X0LP,0.56,AUTOBUS
AB155X0LP,0.59,AUTOBUS
AB156A0SV,0.5,AUTOBUS
AB156A1SV,0.5,AUTOBUS
AB156E0SV,0.74,AUTOBUS
AB156X0SV,0.22,AUTOBUS
AB157A0SV,0.9,AUTOBUS
AB157A1SV,0.9,AUTOBUS
AB157A2SV,0.74,AUTOBUS
AB157A3SV,0.9,AUTOBUS
AB157B0SV,0.9,AUTOBUS
AB157X0SV,0.56,AUTOBUS
AB158X0SV,0.9,AUTOBUS
AB158X1SV,0.93,AUTOBUS
AB159X0SV,1.14,AUTOBUS
AB160A0SV,0.59,AUTOBUS
AB160B0SV,0.44,AUTOBUS
AB160X0SV,0.59,AUTOBUS
AB161X0LL,0.76,AUTOBUS
AB162A0CA,0.31,AUTOBUS
AB162X0CA,0.31,AUTOBUS
AB163X0CU,0.74,AUTOBUS
AB165A0LL,0.65,AUTOBUS
AB165X0LL,0.56,AUTOBUS
AB166A0LP,0.59,AUTOBUS
AB166X0LL,0.74,AUTOBUS
AB168X0LL,0.39,AUTOBUS
AB169X0LL,0.52,AUTOBUS
AB170X0CH,0.91,AUTOBUS
AB171X0LP,0.77,AUTOBUS
AB173X0,0.39,AUTOBUS
AB174X0CH,0.97,AUTOBUS
AB175A0CU,0.38,AUTOBUS
AB175A1CU,0.38,AUTOBUS
AB175B0CU,0.38,AUTOBUS
AB175C0CU,0.5,AUTOBUS
AB175X0CU,0.31,AUTOBUS
AB175X1CU,0.31,AUTOBUS
AB176B0SV,1.04,AUTOBUS
AB176B1SV,0.59,AUTOBUS
AB176B2SV,0.63,AUTOBUS
AB176D0SV,0.63,AUTOBUS
AB176X0SV,0.63,AUTOBUS
AB177A0SV,0.2,AUTOBUS
AB177X0SV,0.65,AUTOBUS
AB178A0SV,0.38,AUTOBUS
AB178X0SV,0.38,AUTOBUS
AB178X1SV,0.38,AUTOBUS
AB179X0CU,0.39,AUTOBUS
AB179X1CU,0.44,AUTOBUS
AB180D0CH,1.25,AUTOBUS
AB180X0CH,0.77,AUTOBUS
AB181A0CA,1.34,AUTOBUS
AB181X0CA,1.34,AUTOBUS
AB182X0LP,0.77,AUTOBUS
AB184X0LL,0.59,AUTOBUS
AB185X0US,1.52,AUTOBUS
AB186B0CU,0.59,AUTOBUS
AB186X0CU,0.59,AUTOBUS
AB187A0LL,0.48,AUTOBUS
AB187B0LL,0.56,AUTOBUS
AB187X0LL,0.59,AUTOBUS
AB188X0LL,0.4,AUTOBUS
AB189X0CH,1.17,AUTOBUS
AB190A0SS,0.67,AUTOBUS
AB190X0,0.41,AUTOBUS
AB191A0SV,0.59,AUTOBUS
AB191A1SV,0.59,AUTOBUS
AB191X0SV,0.37,AUTOBUS
AB192A0LL,1.34,AUTOBUS
AB192A1LL,0.63,AUTOBUS
AB192B0LL,0.88,AUTOBUS
AB192X0LL,0.45,AUTOBUS
AB193B0LP,0.9,AUTOBUS
AB193D0LP,0.86,AUTOBUS
AB193E0SV,1.06,AUTOBUS
AB194X0SV,1.04,AUTOBUS
AB195A0SV,1.04,AUTOBUS
AB195X0SV,0.9,AUTOBUS
AB195X1SV,1.04,AUTOBUS
AB195X2CA,1.3,AUTOBUS
AB197X0LP,0.6,AUTOBUS
AB198A0CU,0.76,AUTOBUS
AB198X0CU,0.31,AUTOBUS
AB199A0CU,0.38,AUTOBUS
AB199X0CU,0.44,AUTOBUS
AB2010RE1SA,1.35,AUTOBUS
AB201A0SA,1.04,AUTOBUS
AB201A1SA,2.0,AUTOBUS
AB201DDI0SA,1.0,AUTOBUS
AB201DI0SA,0.76,AUTOBUS
AB201DI1ESA,1.35,AUTOBUS
AB201DI1SA,0.76,AUTOBUS
AB201DI2SA,1.3,AUTOBUS
AB201OR0SA,0.74,AUTOBUS
AB201ORE0SA,1.35,AUTOBUS
AB202A0AH,1.0,AUTOBUS
AB202D0AH,1.5,AUTOBUS
AB202L0AH,2.5,AUTOBUS
AB202X0AH,1.04,AUTOBUS
AB202X0UN,1.0,AUTOBUS
AB202X1AH,1.6,AUTOBUS
AB203A0SO,0.61,AUTOBUS
AB203X0SO,0.61,AUTOBUS
AB204X0SO,0.61,AUTOBUS
AB205D0SO,0.99,AUTOBUS
AB205L0SO,1.6,AUTOBUS
AB205X0SO,0.76,AUTOBUS
AB205X1SO,1.3,AUTOBUS
AB208X0SO,0.53,AUTOBUS
AB209X0SA,0.71,AUTOBUS
AB210X0SA,0.48,AUTOBUS
AB211A0SA,0.56,AUTOBUS
AB211X0SA,0.54,AUTOBUS
AB212X0SA,0.45,AUTOBUS
AB213X0SA,0.85,AUTOBUS
AB214A0AH,0.4,AUTOBUS
AB214X0SA,0.41,AUTOBUS
AB216X0SA,0.7,AUTOBUS
AB217A0SA,0.91,AUTOBUS
AB217C0SA,0.74,AUTOBUS
AB217D0SA,0.45,AUTOBUS
AB217X0SA,0.74,AUTOBUS
AB218X0SA,0.26,AUTOBUS
AB218X1SA,0.45,AUTOBUS
AB219X0SO,0.76,AUTOBUS
AB220X0SA,0.43,AUTOBUS
AB222X0SA,0.39,AUTOBUS
AB224X0SA,0.72,AUTOBUS
AB226X0SA,0.48,AUTOBUS
AB227X0SA,0.48,AUTOBUS
AB228X0SA,0.48,AUTOBUS
AB229X0SA,0.48,AUTOBUS
AB230X0SA,0.85,AUTOBUS
AB232B0SA,0.59,AUTOBUS
AB232C0SA,0.74,AUTOBUS
AB232X0SA,0.52,AUTOBUS
AB233X0SA,0.41,AUTOBUS
AB234A0SA,0.7,AUTOBUS
AB234B0SA,0.45,AUTOBUS
AB234C0SA,0.56,AUTOBUS
AB234D0SA,0.7,AUTOBUS
AB234X0SA,0.41,AUTOBUS
AB235A0SA,0.8,AUTOBUS
AB235X0SA,0.8,AUTOBUS
AB236X0SA,0.53,AUTOBUS
AB236XESA,0.7,AUTOBUS
AB237X0SA,0.43,AUTOBUS
AB238A1SA,0.9,AUTOBUS
AB238X0SA,0.8,AUTOBUS
AB239X0SA,0.74,AUTOBUS
AB242X0SA,0.43,AUTOBUS
AB243X0AH,1.2,AUTOBUS
AB243X0SO,1.19,AUTOBUS
AB245X0AH,0.61,AUTOBUS
AB246A0SO,0.59,AUTOBUS
AB246X0SO,0.59,AUTOBUS
AB247X0SA,0.33,AUTOBUS
AB248X0SA,0.7,AUTOBUS
AB249X0SO,0.9,AUTOBUS
AB251X0SO,0.91,AUTOBUS
AB252X0SO,0.31,AUTOBUS
AB256X0LL,1.18,AUTOBUS
AB256X0SA,1.17,AUTOBUS
AB257X0SO,0.45,AUTOBUS
AB258X0SO,0.38,AUTOBUS
AB259X0SO,0.9,AUTOBUS
AB260A0SO,0.45,AUTOBUS
AB260B0SO,0.91,AUTOBUS
AB260BESO,1.1,AUTOBUS
AB260X0SO,0.45,AUTOBUS
AB261A0SO,0.91,AUTOBUS
AB261X0SO,0.97,AUTOBUS
AB263X0AH,0.41,AUTOBUS
AB264A0AH,0.74,AUTOBUS
AB264X0AH,0.59,AUTOBUS
AB265X0LL,0.48,AUTOBUS
AB266X0SA,0.48,AUTOBUS
AB267X0SA,0.41,AUTOBUS
AB268X0LL,0.48,AUTOBUS
AB270A0SO,0.59,AUTOBUS
AB270X0SO,0.32,AUTOBUS
AB272X0SO,0.76,AUTOBUS
AB274X0SA,0.45,AUTOBUS
AB276X0SA,0.74,AUTOBUS
AB277X0SA,0.59,AUTOBUS
AB278A0AH,0.9,AUTOBUS
AB278B0AH,0.45,AUTOBUS
AB278X0AH,0.9,AUTOBUS
AB279A0SO,0.31,AUTOBUS
AB279B0SO,0.9,AUTOBUS
AB279X0SO,0.31,AUTOBUS
AB281A0SO,0.54,AUTOBUS
AB281B0SO,0.74,AUTOBUS
AB281D0SO,0.76,AUTOBUS
AB281X0SO,0.45,AUTOBUS
AB282A1SA,1.0,AUTOBUS
AB282X0SA,0.74,AUTOBUS
AB282X1SA,1.25,AUTOBUS
AB283X0SA,1.04,AUTOBUS
AB284X0LL,0.2,AUTOBUS
AB285X0SO,1.3,AUTOBUS
AB286X0SO,0.9,AUTOBUS
AB287X0SO,1.18,AUTOBUS
AB288X0AH,1.17,AUTOBUS
AB289X0SA,0.8,AUTOBUS
AB290B0AH,0.74,AUTOBUS
AB290X0AH,0.74,AUTOBUS
AB292X0AH,0.52,AUTOBUS
AB293B0AH,0.41,AUTOBUS
AB293X0AH,0.48,AUTOBUS
AB294X0SA,0.48,AUTOBUS
AB295X0CH,1.34,AUTOBUS
AB296X0CH,0.91,AUTOBUS
AB297X0AH,0.48,AUTOBUS
AB298X0US,0.44,AUTOBUS
AB299A0SA,0.64,AUTOBUS
AB299X0SA,0.59,AUTOBUS
AB300B0CH,0.38,AUTOBUS
AB300B1CH,0.8,AUTOBUS
AB300C0CH,0.2,AUTOBUS
AB300X0CH,0.2,AUTOBUS
AB301A0SM,2.24,AUTOBUS
AB301DOSM,2.78,AUTOBUS
AB301E0SM,6.15,AUTOBUS
AB301X0SM,2.24,AUTOBUS
AB301X1SM,4.63,AUTOBUS
AB302A0US,1.67,AUTOBUS
AB302B0US,1.67,AUTOBUS
AB302C0US,0.0,AUTOBUS
AB302D0US,1.54,AUTOBUS
AB302E0SM,1.7,AUTOBUS
AB302X0US,1.54,AUTOBUS
AB302X1US,3.0,AUTOBUS
AB303A0US,2.18,AUTOBUS
AB303X0US,2.24,AUTOBUS
AB304D0UN,3.79,AUTOBUS
AB304EOUN,6.66,AUTOBUS
AB304X0UN,3.19,AUTOBUS
AB304X1UN,5.55,AUTOBUS
AB305D0MO,4.0,AUTOBUS
AB305X0MO,2.92,AUTOBUS
AB305X1MO,5.55,AUTOBUS
AB306D0UN,4.1,AUTOBUS
AB306EOUN,7.4,AUTOBUS
AB306X0UN,3.19,AUTOBUS
AB306X1UN,5.55,AUTOBUS
AB308X0SM,2.17,AUTOBUS
AB309X0US,1.91,AUTOBUS
AB311X0US,1.67,AUTOBUS
AB312X0US,1.67,AUTOBUS
AB312XIUS,2.25,AUTOBUS
AB314X0US,1.54,AUTOBUS
AB315X0SM,0.8,AUTOBUS
AB316A0SM,2.17,AUTOBUS
AB316A1SM,3.5,AUTOBUS
AB316B0SM,1.52,AUTOBUS
AB316C0SM,1.91,AUTOBUS
AB316D0SM,0.88,AUTOBUS
AB316X0SM,1.17,AUTOBUS
AB316X1SM,1.75,AUTOBUS
AB317X0SM,1.41,AUTOBUS
AB318A0SM,1.91,AUTOBUS
AB318B0SM,2.17,AUTOBUS
AB318C0SM,2.24,AUTOBUS
AB318X0SM,1.52,AUTOBUS
AB319A0SM,0.92,AUTOBUS
AB319X0SM,0.8,AUTOBUS
AB320A0UN,0.97,AUTOBUS
AB320B0SM,1.04,AUTOBUS
AB320X0SM,1.04,AUTOBUS
AB321X0UN,1.17,AUTOBUS
AB322X0US,1.08,AUTOBUS
AB323X0US,0.88,AUTOBUS
AB324L0UN,1.55,AUTOBUS
AB324X0UN,0.9,AUTOBUS
AB324XIUN,1.25,AUTOBUS
AB325A0SM,0.74,AUTOBUS
AB325A1UN,0.74,AUTOBUS
AB325X0SM,0.59,AUTOBUS
AB326A0SM,0.86,AUTOBUS
AB326B0SM,1.03,AUTOBUS
AB326C0SM,0.86,AUTOBUS
AB326X0SM,0.86,AUTOBUS
AB327B0MO,1.04,AUTOBUS
AB327X0MO,1.67,AUTOBUS
AB328A0MO,0.9,AUTOBUS
AB328B0MO,1.04,AUTOBUS
AB328D0MO,1.0,AUTOBUS
AB328E0MO,1.1,AUTOBUS
AB328X0MO,1.67,AUTOBUS
AB329X0CA,1.34,AUTOBUS
AB330X0UN,1.08,AUTOBUS
AB331B1UN,1.12,AUTOBUS
AB331C0UN,0.97,AUTOBUS
AB331D0UN,0.97,AUTOBUS
AB331X0UN,0.97,AUTOBUS
AB332A0MO,1.77,AUTOBUS
AB332B0MO,1.91,AUTOBUS
AB332C0MO,1.77,AUTOBUS
AB332D0MO,1.77,AUTOBUS
AB332D0SM,1.77,AUTOBUS
AB332E0MO,1.77,AUTOBUS
AB332F0MO,2.55,AUTOBUS
AB333A0SM,0.63,AUTOBUS
AB333X0SM,0.63,AUTOBUS
AB335X0US,1.3,AUTOBUS
AB336X0UN,1.81,AUTOBUS
AB337A0MO,0.63,AUTOBUS
AB337X0MO,1.08,AUTOBUS
AB338A0SM,0.59,AUTOBUS
AB338X0SM,0.63,AUTOBUS
AB339A0UN,0.9,AUTOBUS
AB339X0UN,0.74,AUTOBUS
AB340A0US,1.04,AUTOBUS
AB340B0SM,1.04,AUTOBUS
AB340X0US,1.04,AUTOBUS
AB341X0UN,0.88,AUTOBUS
AB342A0UN,0.77,AUTOBUS
AB342X0UN,0.96,AUTOBUS
AB343X0UN,1.44,AUTOBUS
AB344X0UN,1.44,AUTOBUS
AB346D0UN,3.83,AUTOBUS
AB346L1UN,8.51,AUTOBUS
AB346X0UN,3.19,AUTOBUS
AB346X1UN,3.83,AUTOBUS
AB347X0US,0.65,AUTOBUS
AB348A0US,1.08,AUTOBUS
AB348X0US,1.12,AUTOBUS
AB349X0US,0.88,AUTOBUS
AB350X0US,0.46,AUTOBUS
AB351X0US,0.88,AUTOBUS
AB354A0US,0.45,AUTOBUS
AB354B0US,0.45,AUTOBUS
AB354X0US,0.44,AUTOBUS
AB354X1US,0.6,AUTOBUS
AB355A0SM,0.96,AUTOBUS
AB355B0SM,0.96,AUTOBUS
AB355C0SM,0.96,AUTOBUS
AB355C0UN,1.25,AUTOBUS
AB355X0SM,0.74,AUTOBUS
AB357A0US,0.63,AUTOBUS
AB357X0US,1.04,AUTOBUS
AB358A0US,0.86,AUTOBUS
AB358B0US,0.86,AUTOBUS
AB358X0US,0.86,AUTOBUS
AB359A0US,0.59,AUTOBUS
AB359X0US,0.29,AUTOBUS
AB362X0US,0.8,AUTOBUS
AB363A0US,0.48,AUTOBUS
AB363X0US,0.48,AUTOBUS
AB364A0UN,0.61,AUTOBUS
AB365A0UN,1.08,AUTOBUS
AB365B0UN,1.54,AUTOBUS
AB365X0UN,1.54,AUTOBUS
AB366X0US,0.38,AUTOBUS
AB367A0SM,1.3,AUTOBUS
AB367A1SM,1.18,AUTOBUS
AB367B0SM,0.66,AUTOBUS
AB367C0SM,0.97,AUTOBUS
AB367X0SM,0.74,AUTOBUS
AB368X0US,0.91,AUTOBUS
AB369B0SM,0.46,AUTOBUS
AB369C0SM,0.48,AUTOBUS
AB369X0SM,0.46,AUTOBUS
AB370X0US,0.88,AUTOBUS
AB371A0US,0.74,AUTOBUS
AB371B0US,0.74,AUTOBUS
AB371X0US,0.63,AUTOBUS
AB372X0US,0.59,AUTOBUS
AB373X0US,0.9,AUTOBUS
AB374A0UN,1.31,AUTOBUS
AB374X0UN,1.31,AUTOBUS
AB375A0UN,0.49,AUTOBUS
AB375B0UN,0.74,AUTOBUS
AB375X0UN,0.61,AUTOBUS
AB377X0US,0.81,AUTOBUS
AB378A0US,0.74,AUTOBUS
AB382A0UN,0.65,AUTOBUS
AB382B0UN,0.27,AUTOBUS
AB382X0UN,0.27,AUTOBUS
AB383A0UN,0.52,AUTOBUS
AB383X0UN,0.97,AUTOBUS
AB384A0SM,0.88,AUTOBUS
AB384X0SM,0.88,AUTOBUS
AB385X0UN,1.54,AUTOBUS
AB386A0MO,1.0,AUTOBUS
AB386X0MO,1.77,AUTOBUS
AB387X0MO,0.97,AUTOBUS
AB388X0SM,0.7,AUTOBUS
AB389A0SM,0.63,AUTOBUS
AB389B0SM,0.45,AUTOBUS
AB389X0SM,0.48,AUTOBUS
AB390A0UN,1.91,AUTOBUS
AB390B0UN,1.51,AUTOBUS
AB390X0UN,1.91,AUTOBUS
AB391A0UN,1.91,AUTOBUS
AB391B0UN,1.7,AUTOBUS
AB391B1UN,1.0,AUTOBUS
AB391C0UN,1.67,AUTOBUS
AB391X0UN,1.54,AUTOBUS
AB392X0SM,1.04,AUTOBUS
AB393A0UN,1.31,AUTOBUS
AB393B0UN,0.77,AUTOBUS
AB393X0UN,0.77,AUTOBUS
AB394X0SM,1.3,AUTOBUS
AB395A0SM,1.04,AUTOBUS
AB395B0SM,1.04,AUTOBUS
AB395X0SM,0.81,AUTOBUS
AB398X0US,0.9,AUTOBUS
AB399X0MO,0.96,AUTOBUS
AB406X0AH,1.1,AUTOBUS
AB406X1AH,2.3,AUTOBUS
AB409X0SA,0.65,AUTOBUS
AB410A0MO,0.9,AUTOBUS
AB410A1MO,0.9,AUTOBUS
AB410X0MO,0.9,AUTOBUS
AB411X0SV,1.3,AUTOBUS
AB412X0SV,0.29,AUTOBUS
AB413X0LP,0.39,AUTOBUS
AB414X0LP,0.9,AUTOBUS
AB417X0US,1.34,AUTOBUS
AB418X0UN,0.54,AUTOBUS
AB420A0UN,0.97,AUTOBUS
AB420B0UN,1.04,AUTOBUS
AB421A0UN,0.94,AUTOBUS
AB421B0UN,0.65,AUTOBUS
AB421C0UN,0.65,AUTOBUS
AB421X0UN,0.86,AUTOBUS
AB422X0UN,1.15,AUTOBUS
AB423X0CH,0.59,AUTOBUS
AB426A0CU,0.74,AUTOBUS
AB426X0CU,0.74,AUTOBUS
AB428X0SM,2.18,AUTOBUS
AB429X0SO,0.38,AUTOBUS
AB430X0SO,0.45,AUTOBUS
AB432X0SO,0.45,AUTOBUS
AB434X0SO,0.45,AUTOBUS
AB435X0SO,0.91,AUTOBUS
AB436A0SO,0.65,AUTOBUS
AB436X0SO,0.32,AUTOBUS
AB438X0SO,0.74,AUTOBUS
AB439X0SO,0.9,AUTOBUS
AB440X0SA,0.7,AUTOBUS
AB441X0SA,0.74,AUTOBUS
AB442X0SM,2.18,AUTOBUS
AB443X0SM,2.18,AUTOBUS
AB444X0SM,1.52,AUTOBUS
AB445A0SM,0.95,AUTOBUS
AB445B0SM,0.97,AUTOBUS
AB445X0SM,0.59,AUTOBUS
AB446X0UN,3.19,AUTOBUS
AB447A0US,0.48,AUTOBUS
AB447X0US,0.74,AUTOBUS
AB451X0SA,0.41,AUTOBUS
AB452X0SA,0.52,AUTOBUS
AB453X0SA,0.63,AUTOBUS
AB454X0SA,0.45,AUTOBUS
AB455X0LP,1.17,AUTOBUS
AB455X1LP,1.45,AUTOBUS
AB456A0AH,1.04,AUTOBUS
AB456D0AH,1.25,AUTOBUS
AB456D0SA,1.2,AUTOBUS
AB456X0SA,1.04,AUTOBUS
AB457X0SA,0.8,AUTOBUS
AB463X0SA,2.18,AUTOBUS
AB465X0LB,0.65,AUTOBUS
AB467B0SA,0.52,AUTOBUS
AB467X0SA,0.45,AUTOBUS
AB468X0SM,0.7,AUTOBUS
AB470X0SA,0.67,AUTOBUS
AB471A0UN,0.97,AUTOBUS
AB471X0UN,0.97,AUTOBUS
AB472X0AH,0.56,AUTOBUS
AB473X0UN,0.77,AUTOBUS
AB474X0UN,0.86,AUTOBUS
AB475X0UN,0.94,AUTOBUS
AB476X0UN,1.04,AUTOBUS
AB477A0UN,0.38,AUTOBUS
AB477X0UN,0.37,AUTOBUS
AB478A0UN,0.59,AUTOBUS
AB478B0UN,0.7,AUTOBUS
AB478X0UN,1.24,AUTOBUS
AB479X0US,0.9,AUTOBUS
AB481A0CA,0.29,AUTOBUS
AB481B0CA,1.5,AUTOBUS
AB481X0CA,0.31,AUTOBUS
AB482X0CA,0.65,AUTOBUS
AB483X0LL,1.17,AUTOBUS
AB485X0UN,1.51,AUTOBUS
AB486A0MO,1.5,AUTOBUS
AB486X0CA,0.45,AUTOBUS
AB486X0MO,1.9,AUTOBUS
AB487A0M0,1.5,AUTOBUS
AB487X0UN,0.65,AUTOBUS
AB488X0US,0.52,AUTOBUS
AB489A0CH,0.56,AUTOBUS
AB489A1CH,1.01,AUTOBUS
AB489X0CH,0.74,AUTOBUS
AB490X0SO,0.7,AUTOBUS
AB491A0UN,1.52,AUTOBUS
AB491X0UN,0.77,AUTOBUS
AB495A0LP,1.18,AUTOBUS
AB495X0LP,1.18,AUTOBUS
AB496X0SA,1.04,AUTOBUS
AB498X0SA,1.46,AUTOBUS
AB499X0SV,0.74,AUTOBUS
AB500X0LP,0.9,AUTOBUS
AB500X1LP,0.9,AUTOBUS
AB501A0SV,1.12,AUTOBUS
AB501X0SV,1.12,AUTOBUS
AB501X1LP,0.0,AUTOBUS
AB502X0CU,0.52,AUTOBUS
AB504X0AH,0.59,AUTOBUS
AB505X0LP,0.9,AUTOBUS
AB506X0SM,0.37,AUTOBUS
AB507A0CA,1.04,AUTOBUS
AB507A1CH,1.04,AUTOBUS
AB507C0CA,0.91,AUTOBUS
AB507E0CA,0.41,AUTOBUS
AB507X0CH,1.04,AUTOBUS
AB508A0CH,0.74,AUTOBUS
AB508X0CH,0.77,AUTOBUS
AB509A0CH,1.75,AUTOBUS
AB509X0CH,1.52,AUTOBUS
AB510A0CU,0.59,AUTOBUS
AB510X0CU,0.22,AUTOBUS
AB511X0SV,1.18,AUTOBUS
AB512X0LP,0.6,AUTOBUS
AB513A0SV,0.97,AUTOBUS
AB514X0LP,0.82,AUTOBUS
AB515A0CU,0.4,AUTOBUS
AB515X0CU,0.31,AUTOBUS
AB515X1CU,0.3,AUTOBUS
AB516X0CU,0.43,AUTOBUS
AB517A0CU,0.31,AUTOBUS
AB517A1CU,0.39,AUTOBUS
AB517X0CU,0.39,AUTOBUS
AB517X1CU,0.76,AUTOBUS
AB518X0CA,1.3,AUTOBUS
AB519A0SA,0.7,AUTOBUS
AB519X0SA,0.54,AUTOBUS
AB521A0LP,0.74,AUTOBUS
AB521X0LP,0.47,AUTOBUS
AB522X0CU,0.59,AUTOBUS
AB523X0SM,0.74,AUTOBUS
AB524X0CU,0.45,AUTOBUS
AB525X0UN,0.59,AUTOBUS
AB526X0UN,0.65,AUTOBUS
AB527X0SA,0.53,AUTOBUS
AB528X0UN,0.4,AUTOBUS
AB529X0CA,0.74,AUTOBUS
AB530X0CA,0.74,AUTOBUS
AB531A0CA,0.74,AUTOBUS
AB531X0CA,0.74,AUTOBUS
AB533X0CU,0.59,AUTOBUS
AB537X0UN,0.81,AUTOBUS
AB539X0CH,0.5,AUTOBUS
AB540X0LL,0.74,AUTOBUS
AB541A0LL,0.38,AUTOBUS
AB541X0LL,0.59,AUTOBUS
AB542A0CH,0.9,AUTOBUS
AB542C0CH,1.17,AUTOBUS
AB542D0CH,0.31,AUTOBUS
AB542E0CH,1.3,AUTOBUS
AB542X0CH,0.74,AUTOBUS
AB542X2CH,0.59,AUTOBUS
AB577A0CU,0.29,AUTOBUS
AB600X0CA,0.59,AUTOBUS
AB601X0CA,0.7,AUTOBUS
AB602X0CA,0.85,AUTOBUS
AB604X0CA,0.6,AUTOBUS
AB605X0CA,1.35,AUTOBUS
AB608X0CA,0.75,AUTOBUS
AB609X0CA,0.2,AUTOBUS
AB610X0CA,1.1,AUTOBUS
AB611X0CA,0.32,AUTOBUS
AB613X0CA,2.0,AUTOBUS
AB614X0CA,1.0,AUTOBUS
AB615X0CA,0.6,AUTOBUS
AB615X0CH,0.74,AUTOBUS
AB616X0CH,0.74,AUTOBUS
AB617X0CH,1.18,AUTOBUS
AB618X0CH,0.9,AUTOBUS
AB619X0CH,0.41,AUTOBUS
AB620X0CH,0.38,AUTOBUS
AB621X0CH,0.52,AUTOBUS
AB622X0CH,0.36,AUTOBUS
AB624X0CH,0.45,AUTOBUS
AB625X0CH,2.04,AUTOBUS
AB626X0CH,0.74,AUTOBUS
AB627X0CH,1.1,AUTOBUS
AB628X0CH,0.59,AUTOBUS
AB629A0CH,0.74,AUTOBUS
AB629X0CH,0.2,AUTOBUS
AB630X0CU,0.38,AUTOBUS
AB631X0CH,1.0,AUTOBUS
AB631X0CU,0.41,AUTOBUS
AB632X0CH,0.5,AUTOBUS
AB633X0CH,1.25,AUTOBUS
AB633X0CU,0.56,AUTOBUS
AB634X0CH,0.75,AUTOBUS
AB635X0CH,0.75,AUTOBUS
AB635X0CU,0.7,AUTOBUS
AB636X0CH,0.7,AUTOBUS
AB636X0CU,0.4,AUTOBUS
AB637X0CU,0.25,AUTOBUS
AB639X0CH,1.5,AUTOBUS
AB640X0CH,0.79,AUTOBUS
AB641X0CH,0.75,AUTOBUS
AB642X0CH,0.5,AUTOBUS
AB643X0CH,0.2,AUTOBUS
AB644X0CH,1.0,AUTOBUS
AB644X0MO,0.75,AUTOBUS
AB645X0CH,0.4,AUTOBUS
AB647X0LL,0.31,AUTOBUS
AB648X0LL,0.2,AUTOBUS
AB652X0LL,0.53,AUTOBUS
AB653X0CH,0.45,AUTOBUS
AB654X0LL,0.65,AUTOBUS
AB660X0LL,1.2,AUTOBUS
AB660X0LP,0.74,AUTOBUS
AB661X0LP,1.04,AUTOBUS
AB662X0LL,0.74,AUTOBUS
AB662X0LP,0.74,AUTOBUS
AB663X0LP,0.74,AUTOBUS
AB663X1LL,0.5,AUTOBUS
AB664X0LL,0.35,AUTOBUS
AB665X0LL,0.45,AUTOBUS
AB666X0LL,0.48,AUTOBUS
AB666X0LP,0.2,AUTOBUS
AB668X0LL,0.75,AUTOBUS
AB672X0LL,1.0,AUTOBUS
AB673X0LL,1.15,AUTOBUS
AB674X0LL,0.7,AUTOBUS
AB675X0LL,0.35,AUTOBUS
AB675X0SV,0.38,AUTOBUS
AB676X0SV,0.59,AUTOBUS
AB677X0LL,1.25,AUTOBUS
AB677X0SV,0.9,AUTOBUS
AB678X0LL,1.25,AUTOBUS
AB678X0SV,0.77,AUTOBUS
AB679X0SV,1.45,AUTOBUS
AB680X0SV,0.59,AUTOBUS
AB681X0SV,0.55,AUTOBUS
AB683X0SV,0.7,AUTOBUS
AB700X0UN,1.39,AUTOBUS
AB705X0UN,1.27,AUTOBUS
AB707X0UN,0.56,AUTOBUS
AB708X0UN,1.09,AUTOBUS
AB709X0UN,0.9,AUTOBUS
AB710X0UN,0.54,AUTOBUS
AB711X0UN,0.85,AUTOBUS
AB712X0UN,0.25,AUTOBUS
AB713X0UN,1.0,AUTOBUS
AB714X0SM,2.75,AUTOBUS
AB714X0UN,1.0,AUTOBUS
AB715X0SM,1.86,AUTOBUS
AB726X0MO,0.61,AUTOBUS
AB727X0MO,0.61,AUTOBUS
AB728X0MO,1.67,AUTOBUS
AB729X0MO,1.08,AUTOBUS
AB730X0MO,1.3,AUTOBUS
AB731X0MO,0.86,AUTOBUS
AB733X0MO,0.29,AUTOBUS
AB734X0MO,0.74,AUTOBUS
AB735X0MO,1.3,AUTOBUS
AB737X0MO,0.97,AUTOBUS
AB738X0MO,0.45,AUTOBUS
AB739X0MO,0.8,AUTOBUS
AB743X0MO,1.35,AUTOBUS
AB744X0MO,0.9,AUTOBUS
AB750X0SM,0.45,AUTOBUS
AB751X0SM,0.59,AUTOBUS
AB753X0SM,0.6,AUTOBUS
AB754X0SM,0.31,AUTOBUS
AB755X0SM,0.45,AUTOBUS
AB756X0SM,0.61,AUTOBUS
AB758X0SM,0.45,AUTOBUS
AB759X0SM,0.45,AUTOBUS
AB760X0UN,0.35,AUTOBUS
AB761X0UN,1.0,AUTOBUS
AB775X0US,0.41,AUTOBUS
AB776X0US,0.29,AUTOBUS
AB778X0US,0.38,AUTOBUS
AB781X0US,0.31,AUTOBUS
AB782X0US,0.32,AUTOBUS
AB784X0US,0.45,AUTOBUS
AB785X0US,0.45,AUTOBUS
AB786X0US,0.31,AUTOBUS
AB787X0US,0.2,AUTOBUS
AB788X0US,0.31,AUTOBUS
AB789X0US,0.25,AUTOBUS
AB790A0US,0.0,AUTOBUS
AB790X0US,0.25,AUTOBUS
AB794X0US,0.75,AUTOBUS
AB800X0SO,0.59,AUTOBUS
AB801X0SO,0.55,AUTOBUS
AB802X0SA,0.7,AUTOBUS
AB802X0SO,0.25,AUTOBUS
AB803X0SO,0.6,AUTOBUS
AB805X0SO,0.75,AUTOBUS
AB806X0SA,0.41,AUTOBUS
AB810X0SA,0.76,AUTOBUS
AB811X0AH,0.65,AUTOBUS
AB811X0SA,0.9,AUTOBUS
AB814X0AH,0.55,AUTOBUS
AB820X0SA,0.4,AUTOBUS
AB821X0SA,1.0,AUTOBUS
ABAL1-S,0.2,AUTOBUS
ABP01,0.33,AUTOBUS
ABP02,0.33,AUTOBUS
ABP03,0.33,AUTOBUS
ABT01,0.33,AUTOBUS
ABT02,0.33,AUTOBUS
MB000A1LP,0.43,MICROBUS
MB000A2LP,0.38,MICROBUS
MB000A3LP,0.38,MICROBUS
MB001LL0,0.25,MICROBUS
MB001LL1,0.25,MICROBUS
MB001X0AH,0.25,MICROBUS
MB001X0CH,0.25,MICROBUS
MB001X0CU,0.32,MICROBUS
MB001X0LP,0.0,MICROBUS
MB001X0MO,0.25,MICROBUS
MB001X0SA,0.25,MICROBUS
MB001X0SM,0.4,MICROBUS
MB001X0SS,0.37,MICROBUS
MB001X0SV,0.37,MICROBUS
MB001X0UN,0.25,MICROBUS
MB001X0US,0.25,MICROBUS
MB001X10CA,1.0,MICROBUS
MB001X12CA,0.3,MICROBUS
MB001X1CA,0.32,MICROBUS
MB001X2CA,0.25,MICROBUS
MB001X3CA,0.25,MICROBUS
MB001X4CA,0.25,MICROBUS
MB001X5CA,0.25,MICROBUS
MB001X6CA,0.25,MICROBUS
MB001X7CA,0.27,MICROBUS
MB001X8CA,0.25,MICROBUS
MB001X9CA,0.32,MICROBUS
MB001XESA,0.35,MICROBUS
MB001XESA ,0.35,MICROBUS
MB002A0,0.25,MICROBUS
MB002X0AH,0.25,MICROBUS
MB002X0CA,0.25,MICROBUS
MB002X0CH,0.25,MICROBUS
MB002X0CU,0.25,MICROBUS
MB002X0LL,0.25,MICROBUS
MB002X0LP,0.27,MICROBUS
MB002X0MO,0.25,MICROBUS
MB002X0SA,0.25,MICROBUS
MB002X0SM,0.25,MICROBUS
MB002X0SO,0.25,MICROBUS
MB002X0SV,0.55,MICROBUS
MB002X0UN,0.25,MICROBUS
MB002X0US,0.25,MICROBUS
MB002XESA,0.35,MICROBUS
MB002XESM,0.35,MICROBUS
MB003X0,0.25,MICROBUS
MB003X0AH,0.25,MICROBUS
MB003X0CH,0.6,MICROBUS
MB003X0LL,0.32,MICROBUS
MB003X0LP,0.25,MICROBUS
MB003X0MO,0.9,MICROBUS
MB003X0SA,0.25,MICROBUS
MB003X0SM,0.25,MICROBUS
MB003X0SO,0.25,MICROBUS
MB003X0UN,0.25,MICROBUS
MB003X0US,0.25,MICROBUS
MB003X1LL,0.25,MICROBUS
MB003X1LP,0.25,MICROBUS
MB003X2LL,0.25,MICROBUS
MB003X3LL,0.25,MICROBUS
MB003XESM,0.35,MICROBUS
MB004A0,0.25,MICROBUS
MB004T0,0.25,MICROBUS
MB004X0,0.25,MICROBUS
MB004X0AH,0.25,MICROBUS
MB004X0LL,0.32,MICROBUS
MB004X0LP,0.25,MICROBUS
MB004X0SA,0.25,MICROBUS
MB004X0SM,0.25,MICROBUS
MB004X0SO,0.25,MICROBUS
MB004X0US,0.25,MICROBUS
MB004X1LL,0.32,MICROBUS
MB004XESA,0.35,MICROBUS
MB005X0,0.25,MICROBUS
MB005X0AH,0.25,MICROBUS
MB005X0LL,0.25,MICROBUS
MB005X0LP,0.25,MICROBUS
MB005X0SA,0.25,MICROBUS
MB005X0SM,0.25,MICROBUS
MB005X0SO,0.25,MICROBUS
MB005X0US,0.25,MICROBUS
MB005X1,0.25,MICROBUS
MB005X1E,0.35,MICROBUS
MB005X1LP,0.25,MICROBUS
MB005XE,0.35,MICROBUS
MB005XESA,0.35,MICROBUS
MB006A0,0.27,MICROBUS
MB006CF0,0.27,MICROBUS
MB006VH0,0.27,MICROBUS
MB006X0AH,0.25,MICROBUS
MB006X0LL,0.25,MICROBUS
MB006X0SA,0.25,MICROBUS
MB006X0SM,0.25,MICROBUS
MB006X0SO,0.61,MICROBUS
MB006X0US,0.25,MICROBUS
MB006XESO,0.95,MICROBUS
MB007A0,0.25,MICROBUS
MB007X0AH,0.25,MICROBUS
MB007X0CH,0.25,MICROBUS
MB007X0LL,0.25,MICROBUS
MB007X0SA,0.25,MICROBUS
MB007X0SM,0.25,MICROBUS
MB007X0SO,0.25,MICROBUS
MB008X0AH,0.25,MICROBUS
MB008X0LL,0.25,MICROBUS
MB008X0SA,0.25,MICROBUS
MB008X0SM,0.25,MICROBUS
MB008X0SO,0.25,MICROBUS
MB008X0US,0.25,MICROBUS
MB008X1ESA,0.35,MICROBUS
MB008X1SA,0.25,MICROBUS
MB008X2ESA,0.35,MICROBUS
MB008X2SA,0.25,MICROBUS
MB008XESA,0.35,MICROBUS
MB008XESM,0.35,MICROBUS
MB009A0,0.25,MICROBUS
MB009AE0,0.35,MICROBUS
MB009E0SA,0.35,MICROBUS
MB009X0,0.25,MICROBUS
MB009X0AH,0.25,MICROBUS
MB009X0LL,0.25,MICROBUS
MB009X0SA,0.25,MICROBUS
MB009X0US,0.25,MICROBUS
MB010X0,0.25,MICROBUS
MB010X0AH,0.25,MICROBUS
MB010X0LL,0.25,MICROBUS
MB010X0SA,0.25,MICROBUS
MB010X0SO,0.2,MICROBUS
MB011B0,0.25,MICROBUS
MB011B1,0.25,MICROBUS
MB011C0,0.25,MICROBUS
MB011K0,0.37,MICROBUS
MB011X0,0.25,MICROBUS
MB011X0AH,0.25,MICROBUS
MB011X0LL,0.25,MICROBUS
MB011X0SA,0.25,MICROBUS
MB011X0SM,0.25,MICROBUS
MB011X0US,0.25,MICROBUS
MB012X0AH,0.25,MICROBUS
MB012X0LL,0.25,MICROBUS
MB012X0SA,0.25,MICROBUS
MB012X0SS,0.31,MICROBUS
MB012X0US,0.25,MICROBUS
MB012X1SS,0.36,MICROBUS
MB012X2SS,0.36,MICROBUS
MB012X3SS,0.36,MICROBUS
MB013X0AH,0.25,MICROBUS
MB013X0LL,0.25,MICROBUS
MB013X0SA,0.25,MICROBUS
MB013X0SM,0.25,MICROBUS
MB013X0US,0.25,MICROBUS
MB014X0AH,0.25,MICROBUS
MB014X0LL,0.37,MICROBUS
MB014X0SA,0.25,MICROBUS
MB014X0US,0.25,MICROBUS
MB015X0AH,0.61,MICROBUS
MB015X0LL,0.25,MICROBUS
MB015X0SA,0.25,MICROBUS
MB015X0US,0.25,MICROBUS
MB015X1LL,0.75,MICROBUS
MB016X0,0.25,MICROBUS
MB016X0AH,0.25,MICROBUS
MB016X0LL,0.25,MICROBUS
MB016X0SA,0.25,MICROBUS
MB016X0SM,0.5,MICROBUS
MB016X0US,0.31,MICROBUS
MB017A0AH,0.25,MICROBUS
MB017A0SA,0.25,MICROBUS
MB017A0SS,0.59,MICROBUS
MB017A1SS,0.59,MICROBUS
MB017B0SA,0.25,MICROBUS
MB017B0SS,0.37,MICROBUS
MB017C0SA,0.25,MICROBUS
MB017X0AH,0.25,MICROBUS
MB017X0LL,0.4,MICROBUS
MB017X0SS,0.52,MICROBUS
MB017XESS,0.7,MICROBUS
MB018X0AH,0.25,MICROBUS
MB018X0LL,0.3,MICROBUS
MB018X0SA,0.5,MICROBUS
MB019AO,0.2,MICROBUS
MB019X0,0.25,MICROBUS
MB019X0AH,0.25,MICROBUS
MB019X0SA,0.43,MICROBUS
MB019X0US,0.25,MICROBUS
MB020X0,0.25,MICROBUS
MB020X0AH,0.38,MICROBUS
MB020X0SA,0.25,MICROBUS
MB021X0AH,0.25,MICROBUS
MB021X0SA,0.25,MICROBUS
MB021X0SS,0.31,MICROBUS
MB021X1SS,0.31,MICROBUS
MB022X0AH,0.25,MICROBUS
MB022X0SA,0.25,MICROBUS
MB023A0,0.25,MICROBUS
MB023E0,0.35,MICROBUS
MB023X0,0.25,MICROBUS
MB023X0LL,0.2,MICROBUS
MB023X0SA,0.25,MICROBUS
MB024A0,0.25,MICROBUS
MB024X0,0.25,MICROBUS
MB024X0LL,0.25,MICROBUS
MB024X0SA,0.25,MICROBUS
MB025X0AH,0.25,MICROBUS
MB026X0,0.25,MICROBUS
MB029X1,0.25,MICROBUS
MB029X2,0.25,MICROBUS
MB029X3,0.25,MICROBUS
MB029X3E,0.35,MICROBUS
MB029X4,0.25,MICROBUS
MB029X4E,0.35,MICROBUS
MB029X5,0.25,MICROBUS
MB029X5E,0.35,MICROBUS
MB029X6,0.25,MICROBUS
MB029X7,0.25,MICROBUS
MB029X7E,0.35,MICROBUS
MB030A0,0.25,MICROBUS
MB032X0,0.25,MICROBUS
MB033A1,0.25,MICROBUS
MB033A2,0.25,MICROBUS
MB033B0,0.25,MICROBUS
MB035X0,0.25,MICROBUS
MB037A0SS,0.25,MICROBUS
MB037X0SS,0.25,MICROBUS
MB038A0,0.37,MICROBUS
MB038B1,0.37,MICROBUS
MB038C0,0.37,MICROBUS
MB038D0,0.37,MICROBUS
MB038E0,0.37,MICROBUS
MB038F0,0.37,MICROBUS
MB039X0,0.43,MICROBUS
MB041A0,0.25,MICROBUS
MB041A-1,0.25,MICROBUS
MB041B0,0.25,MICROBUS
MB041B-1,0.25,MICROBUS
MB041D0,0.25,MICROBUS
MB041E0,0.25,MICROBUS
MB041F0,0.25,MICROBUS
MB041G0,0.25,MICROBUS
MB042A0,0.31,MICROBUS
MB042B0,0.31,MICROBUS
MB042B1,0.31,MICROBUS
MB042C0,0.31,MICROBUS
MB042D0,0.5,MICROBUS
MB042E0,0.31,MICROBUS
MB043X0,0.25,MICROBUS
MB043X1,0.25,MICROBUS
MB044X0,0.25,MICROBUS
MB045A0,0.25,MICROBUS
MB045B0,0.37,MICROBUS
MB045BE,0.52,MICROBUS
MB046B0,0.25,MICROBUS
MB046C0,0.25,MICROBUS
MB046CE,0.35,MICROBUS
MB048X0,0.25,MICROBUS
MB052A1,0.25,MICROBUS
MB052X1,0.25,MICROBUS
MB052X2,0.25,MICROBUS
MB052X3,0.25,MICROBUS
MB053A0,0.25,MICROBUS
MB053C0,0.25,MICROBUS
MB053X0,0.25,MICROBUS
MB054X0SS,0.25,MICROBUS
MB059X0SA,0.4,MICROBUS
MB090B0SM,0.25,MICROBUS
MB100A0LL,0.61,MICROBUS
MB100X0LL,0.61,MICROBUS
MB101B0,0.31,MICROBUS
MB101D0,0.31,MICROBUS
MB102A1LL,1.5,MICROBUS
MB108X0LL,0.76,MICROBUS
MB109X0LL,0.47,MICROBUS
MB109X1ELL,0.8,MICROBUS
MB109X1LL,0.6,MICROBUS
MB109XELL,0.66,MICROBUS
MB113X0CU,0.43,MICROBUS
MB113XECU,0.6,MICROBUS
MB115X0,0.46,MICROBUS
MB138A0LP,0.61,MICROBUS
MB138B0LP,0.25,MICROBUS
MB138X0LP,0.74,MICROBUS
MB138X1LP,0.61,MICROBUS
MB140E0,0.35,MICROBUS
MB140E1,0.35,MICROBUS
MB140E5CU,1.0,MICROBUS
MB140E7,0.65,MICROBUS
MB140X0,0.32,MICROBUS
MB140X1,0.32,MICROBUS
MB140X2,0.32,MICROBUS
MB140X3,0.46,MICROBUS
MB140X4,0.32,MICROBUS
MB140X5,0.6,MICROBUS
MB140X6CU,0.35,MICROBUS
MB140X7,0.65,MICROBUS
MB140X8CU,0.35,MICROBUS
MB152X0LL,0.43,MICROBUS
MB152XELL,0.7,MICROBUS
MB168X0LL,0.56,MICROBUS
MB168X1LL,0.55,MICROBUS
MB176X0SV,0.5,MICROBUS
MB252X0SO,0.25,MICROBUS
MB252XESO,0.35,MICROBUS
MB300B0CH,0.5,MICROBUS
MB300X0CH,0.25,MICROBUS
MB300XECH,0.35,MICROBUS
MB329X0MO,1.0,MICROBUS
MB333B0US,0.65,MICROBUS
MB400X0LP,0.61,MICROBUS
MB624X0CH,0.4,MICROBUS
MB645X0LL,0.25,MICROBUS
MB646X0LL,0.25,MICROBUS
MB649X0LL,0.25,MICROBUS
MB650X0LL,0.25,MICROBUS
MB651X0LL,0.25,MICROBUS
MB653X0LL,0.25,MICROBUS
MB655A0LL,0.4,MICROBUS
MB655X0LL,0.25,MICROBUS
MB739X0MO,1.0,MICROBUS
MB758X0SM,0.25,MICROBUS
MB775X0US,0.25,MICROBUS
MB777X0US,0.25,MICROBUS
MB800X0SO,0.5,MICROBUS
MB801X0SO,0.28,MICROBUS
MB803X0SO,0.5,MICROBUS
MB804X0AH,0.61,MICROBUS
MB809X0AH,0.25,MICROBUS
MB810X0SA,0.25,MICROBUS
MB812X0SA,0.3,MICROBUS
MB813X0SA,0.28,MICROBUS
MB815X0AH,0.25,MICROBUS
MB816X0AH,0.3,MICROBUS
MB816X1AH,0.3,MICROBUS
MB817X0AH,0.3,MICROBUS
MB900X1SS,0.6,MICROBUS
MBAL1-S,0.25,MICROBUS
